{
  "shape": [
    37,
    37,
    200,
    200
  ],
  "data_type": "float32",
  "chunk_grid": {
    "name": "regular",
    "configuration": {
      "chunk_shape": [
        10,
        10,
        50,
        50
      ]
    }
  },
  "chunk_key_encoding": {
    "name": "default",
    "configuration": {
      "separator": "/"
    }
  },
  "fill_value": 0.0,
  "codecs": [
    {
      "name": "bytes",
      "configuration": {
        "endian": "little"
      }
    },
    {
      "name": "blosc",
      "configuration": {
        "typesize": 4,
        "cname": "zstd",
        "clevel": 4,
        "shuffle": "bitshuffle",
        "blocksize": 0
      }
    }
  ],
  "attributes": {},
  "zarr_format": 3,
  "node_type": "array",
  "storage_transformers": []
}