{
  "shape": [
    25,
    25,
    128,
    128
  ],
  "data_type": "uint16",
  "chunk_grid": {
    "name": "regular",
    "configuration": {
      "chunk_shape": [
        7,
        13,
        64,
        64
      ]
    }
  },
  "chunk_key_encoding": {
    "name": "default",
    "configuration": {
      "separator": "/"
    }
  },
  "fill_value": 0,
  "codecs": [
    {
      "name": "bytes",
      "configuration": {
        "endian": "little"
      }
    },
    {
      "name": "blosc",
      "configuration": {
        "typesize": 2,
        "cname": "zstd",
        "clevel": 4,
        "shuffle": "bitshuffle",
        "blocksize": 0
      }
    }
  ],
  "attributes": {},
  "zarr_format": 3,
  "node_type": "array",
  "storage_transformers": []
}